Map,Algorithm,Is_RRT_Star,Bias_Mode,Trial,Success,Iterations,Path_Cost,Time_sec
mapa2,RRT (Fixed),False,FIXED,0,True,1201,1462.297480534765,0.02213597297668457
mapa2,RRT (Fixed),False,FIXED,1,False,1500,inf,0.028926849365234375
mapa2,RRT (Fixed),False,FIXED,2,True,1013,1451.7784024690172,0.015645980834960938
mapa2,RRT (Fixed),False,FIXED,3,False,1500,inf,0.019304990768432617
mapa2,RRT (Fixed),False,FIXED,4,False,1500,inf,0.01611924171447754
mapa2,RRT (Fixed),False,FIXED,5,False,1500,inf,0.017979860305786133
mapa2,RRT (Fixed),False,FIXED,6,False,1500,inf,0.013689517974853516
mapa2,RRT (Fixed),False,FIXED,7,False,1500,inf,0.016251564025878906
mapa2,RRT (Fixed),False,FIXED,8,False,1500,inf,0.01647043228149414
mapa2,RRT (Fixed),False,FIXED,9,False,1500,inf,0.03364706039428711
mapa2,RRT (Fixed),False,FIXED,10,True,1289,1498.7309553361436,0.02203512191772461
mapa2,RRT (Fixed),False,FIXED,11,False,1500,inf,0.022031307220458984
mapa2,RRT (Fixed),False,FIXED,12,True,1128,1502.6055912297184,0.017999649047851562
mapa2,RRT (Fixed),False,FIXED,13,False,1500,inf,0.019109010696411133
mapa2,RRT (Fixed),False,FIXED,14,False,1500,inf,0.020940542221069336
mapa2,RRT (Fixed),False,FIXED,15,False,1500,inf,0.019729137420654297
mapa2,RRT (Fixed),False,FIXED,16,False,1500,inf,0.022303342819213867
mapa2,RRT (Fixed),False,FIXED,17,True,1182,1486.0491996590633,0.02165532112121582
mapa2,RRT (Fixed),False,FIXED,18,False,1500,inf,0.016285181045532227
mapa2,RRT (Fixed),False,FIXED,19,False,1500,inf,0.015924453735351562
mapa2,RRT (Fixed),False,FIXED,20,False,1500,inf,0.016037464141845703
mapa2,RRT (Fixed),False,FIXED,21,True,1071,1537.010569987079,0.016348600387573242
mapa2,RRT (Fixed),False,FIXED,22,False,1500,inf,0.029502153396606445
mapa2,RRT (Fixed),False,FIXED,23,True,1409,1448.5537890078342,0.015404939651489258
mapa2,RRT (Fixed),False,FIXED,24,False,1500,inf,0.029770851135253906
mapa2,RRT (Fixed),False,FIXED,25,True,863,1481.2884500204232,0.0014002323150634766
mapa2,RRT (Fixed),False,FIXED,26,False,1500,inf,0.030553579330444336
mapa2,RRT (Fixed),False,FIXED,27,False,1500,inf,0.019065380096435547
mapa2,RRT (Fixed),False,FIXED,28,True,1074,1512.3697330688758,0.014763355255126953
mapa2,RRT (Fixed),False,FIXED,29,False,1500,inf,0.03057575225830078
mapa2,RRT (AIW),False,AIW,0,True,430,1721.4757831886157,0.01922154426574707
mapa2,RRT (AIW),False,AIW,1,True,234,1605.2163915909948,0.0052111148834228516
mapa2,RRT (AIW),False,AIW,2,True,355,1694.0281135869152,0.017734289169311523
mapa2,RRT (AIW),False,AIW,3,True,395,1701.5751403975046,0.01487421989440918
mapa2,RRT (AIW),False,AIW,4,True,266,1541.495544671038,0.010730743408203125
mapa2,RRT (AIW),False,AIW,5,True,525,1904.5646829627497,0.020490646362304688
mapa2,RRT (AIW),False,AIW,6,True,311,1801.3603579210426,0.015828847885131836
mapa2,RRT (AIW),False,AIW,7,True,319,1725.6300751716956,0.010797739028930664
mapa2,RRT (AIW),False,AIW,8,True,498,1858.0141736753806,0.01733708381652832
mapa2,RRT (AIW),False,AIW,9,True,629,1837.8971115280285,0.018729209899902344
mapa2,RRT (AIW),False,AIW,10,True,233,1619.5563672518322,0.006897926330566406
mapa2,RRT (AIW),False,AIW,11,True,281,1898.8784313037559,0.01432943344116211
mapa2,RRT (AIW),False,AIW,12,True,329,1622.9189770354085,0.009711742401123047
mapa2,RRT (AIW),False,AIW,13,True,287,1693.3633720032221,0.00938725471496582
mapa2,RRT (AIW),False,AIW,14,True,642,1768.1936346778016,0.02223658561706543
mapa2,RRT (AIW),False,AIW,15,True,597,1802.2446092929013,0.027809858322143555
mapa2,RRT (AIW),False,AIW,16,True,413,1675.3311398041926,0.013799667358398438
mapa2,RRT (AIW),False,AIW,17,True,206,1683.7093705008135,0.01069784164428711
mapa2,RRT (AIW),False,AIW,18,True,406,1669.35878227642,0.013668298721313477
mapa2,RRT (AIW),False,AIW,19,True,183,1502.0224622722553,0.002104043960571289
mapa2,RRT (AIW),False,AIW,20,True,424,1703.4837390495736,0.015215158462524414
mapa2,RRT (AIW),False,AIW,21,True,413,1845.017343323996,0.013292789459228516
mapa2,RRT (AIW),False,AIW,22,True,309,1714.8424258781697,0.0085601806640625
mapa2,RRT (AIW),False,AIW,23,True,528,1865.3338588656225,0.019891023635864258
mapa2,RRT (AIW),False,AIW,24,True,323,1717.7265398527295,0.012103796005249023
mapa2,RRT (AIW),False,AIW,25,True,401,1747.3080643993724,0.007444620132446289
mapa2,RRT (AIW),False,AIW,26,True,624,1789.4869981248605,0.022343873977661133
mapa2,RRT (AIW),False,AIW,27,True,415,1600.0234084899766,0.013575315475463867
mapa2,RRT (AIW),False,AIW,28,True,433,1695.5195153447985,0.014159917831420898
mapa2,RRT (AIW),False,AIW,29,True,322,1672.1792517728718,0.009863138198852539
mapa2,RRT (Hybrid),False,HYBRID,0,True,421,1729.0054580332603,0.01506948471069336
mapa2,RRT (Hybrid),False,HYBRID,1,True,564,1785.9663295184491,0.022919654846191406
mapa2,RRT (Hybrid),False,HYBRID,2,True,311,1572.0055817488787,0.009538650512695312
mapa2,RRT (Hybrid),False,HYBRID,3,True,364,1632.17685874654,0.0029997825622558594
mapa2,RRT (Hybrid),False,HYBRID,4,True,353,1737.0117273935257,0.017232656478881836
mapa2,RRT (Hybrid),False,HYBRID,5,True,390,1637.411472675938,0.014657974243164062
mapa2,RRT (Hybrid),False,HYBRID,6,True,229,1563.4365961340482,0.0
mapa2,RRT (Hybrid),False,HYBRID,7,True,480,1634.0516812684377,0.016031265258789062
mapa2,RRT (Hybrid),False,HYBRID,8,True,449,1888.4410732347587,0.026382923126220703
mapa2,RRT (Hybrid),False,HYBRID,9,True,834,1754.2580210024141,0.03743910789489746
mapa2,RRT (Hybrid),False,HYBRID,10,True,585,1876.0054208703093,0.034476518630981445
mapa2,RRT (Hybrid),False,HYBRID,11,True,372,1673.4136569675225,0.012285709381103516
mapa2,RRT (Hybrid),False,HYBRID,12,True,387,1708.9992043988861,0.010150432586669922
mapa2,RRT (Hybrid),False,HYBRID,13,True,563,1801.7384887904666,0.02289581298828125
mapa2,RRT (Hybrid),False,HYBRID,14,True,285,1665.5775725747555,0.0
mapa2,RRT (Hybrid),False,HYBRID,15,True,391,1769.6397548996683,0.01622748374938965
mapa2,RRT (Hybrid),False,HYBRID,16,True,516,1715.0783068436972,0.0157470703125
mapa2,RRT (Hybrid),False,HYBRID,17,True,391,1645.048286444612,0.020081758499145508
mapa2,RRT (Hybrid),False,HYBRID,18,True,293,1660.2597431337358,0.011228084564208984
mapa2,RRT (Hybrid),False,HYBRID,19,True,403,1752.4568937354557,0.013512611389160156
mapa2,RRT (Hybrid),False,HYBRID,20,True,663,1987.9227778101913,0.021463871002197266
mapa2,RRT (Hybrid),False,HYBRID,21,True,424,1828.891032046341,0.014512300491333008
mapa2,RRT (Hybrid),False,HYBRID,22,True,415,1729.6925905537537,0.01601099967956543
mapa2,RRT (Hybrid),False,HYBRID,23,True,465,1797.2707878017548,0.01582622528076172
mapa2,RRT (Hybrid),False,HYBRID,24,True,446,1828.1030030479785,0.026042461395263672
mapa2,RRT (Hybrid),False,HYBRID,25,True,388,1742.2009321970086,0.005365848541259766
mapa2,RRT (Hybrid),False,HYBRID,26,True,623,1796.7556932776213,0.03512382507324219
mapa2,RRT (Hybrid),False,HYBRID,27,True,282,1678.0123879013486,0.006100893020629883
mapa2,RRT (Hybrid),False,HYBRID,28,True,360,1648.27796437272,0.009661436080932617
mapa2,RRT (Hybrid),False,HYBRID,29,True,394,1827.253280238313,0.021668434143066406
mapa2,RRT* (Fixed),True,FIXED,0,False,1500,inf,0.0818793773651123
mapa2,RRT* (Fixed),True,FIXED,1,True,985,1359.0580115574533,0.05315756797790527
mapa2,RRT* (Fixed),True,FIXED,2,False,1500,inf,0.10753178596496582
mapa2,RRT* (Fixed),True,FIXED,3,False,1500,inf,0.11637043952941895
mapa2,RRT* (Fixed),True,FIXED,4,False,1500,inf,0.1113119125366211
mapa2,RRT* (Fixed),True,FIXED,5,True,1019,1363.283144028678,0.08496904373168945
mapa2,RRT* (Fixed),True,FIXED,6,True,1378,1390.3717193394907,0.09044146537780762
mapa2,RRT* (Fixed),True,FIXED,7,True,788,1369.0263507585628,0.0399930477142334
mapa2,RRT* (Fixed),True,FIXED,8,True,1079,1391.3466889316442,0.06111884117126465
mapa2,RRT* (Fixed),True,FIXED,9,False,1500,inf,0.08584451675415039
mapa2,RRT* (Fixed),True,FIXED,10,True,1211,1404.3827717188924,0.07815051078796387
mapa2,RRT* (Fixed),True,FIXED,11,True,772,1374.2655176723401,0.04780077934265137
mapa2,RRT* (Fixed),True,FIXED,12,False,1500,inf,0.1086587905883789
mapa2,RRT* (Fixed),True,FIXED,13,False,1500,inf,0.13570451736450195
mapa2,RRT* (Fixed),True,FIXED,14,False,1500,inf,0.07732057571411133
mapa2,RRT* (Fixed),True,FIXED,15,True,1243,1369.549749112923,0.05285334587097168
mapa2,RRT* (Fixed),True,FIXED,16,False,1500,inf,0.09206128120422363
mapa2,RRT* (Fixed),True,FIXED,17,False,1500,inf,0.09689569473266602
mapa2,RRT* (Fixed),True,FIXED,18,True,969,1377.0689431697058,0.06918072700500488
mapa2,RRT* (Fixed),True,FIXED,19,False,1500,inf,0.1041562557220459
mapa2,RRT* (Fixed),True,FIXED,20,True,632,1382.9080733124413,0.043776750564575195
mapa2,RRT* (Fixed),True,FIXED,21,False,1500,inf,0.13214826583862305
mapa2,RRT* (Fixed),True,FIXED,22,True,1295,1405.1855905336545,0.0984489917755127
mapa2,RRT* (Fixed),True,FIXED,23,True,1064,1389.6837598507116,0.08962774276733398
mapa2,RRT* (Fixed),True,FIXED,24,True,1171,1423.9704814155084,0.09451746940612793
mapa2,RRT* (Fixed),True,FIXED,25,True,652,1390.0817483747076,0.04146432876586914
mapa2,RRT* (Fixed),True,FIXED,26,True,761,1375.8400559361862,0.051334381103515625
mapa2,RRT* (Fixed),True,FIXED,27,True,1398,1370.5038254865012,0.11063575744628906
mapa2,RRT* (Fixed),True,FIXED,28,False,1500,inf,0.11795711517333984
mapa2,RRT* (Fixed),True,FIXED,29,True,1153,1362.0393841676735,0.0758967399597168
mapa2,RRT* (AIW),True,AIW,0,True,442,1399.3753941008838,0.07578730583190918
mapa2,RRT* (AIW),True,AIW,1,True,241,1476.7989681318427,0.031388044357299805
mapa2,RRT* (AIW),True,AIW,2,True,265,1410.4607361446372,0.045178890228271484
mapa2,RRT* (AIW),True,AIW,3,True,258,1389.137116638477,0.01999068260192871
mapa2,RRT* (AIW),True,AIW,4,True,460,1605.3184931235908,0.07863330841064453
mapa2,RRT* (AIW),True,AIW,5,True,341,1487.2435467748294,0.047173261642456055
mapa2,RRT* (AIW),True,AIW,6,True,331,1562.7670788904215,0.04938244819641113
mapa2,RRT* (AIW),True,AIW,7,True,573,1452.768275032211,0.09985804557800293
mapa2,RRT* (AIW),True,AIW,8,True,410,1598.8453613054967,0.05014657974243164
mapa2,RRT* (AIW),True,AIW,9,True,489,1515.562182791235,0.07932353019714355
mapa2,RRT* (AIW),True,AIW,10,True,367,1551.8860325415421,0.04725170135498047
mapa2,RRT* (AIW),True,AIW,11,True,412,1385.7459813963578,0.07110929489135742
mapa2,RRT* (AIW),True,AIW,12,True,276,1511.5926696828205,0.03276634216308594
mapa2,RRT* (AIW),True,AIW,13,True,379,1592.0946479937802,0.047844648361206055
mapa2,RRT* (AIW),True,AIW,14,True,601,1593.8320619271528,0.11132121086120605
mapa2,RRT* (AIW),True,AIW,15,True,570,1612.5792986996664,0.09148907661437988
mapa2,RRT* (AIW),True,AIW,16,True,307,1422.1549276571618,0.03779125213623047
mapa2,RRT* (AIW),True,AIW,17,True,394,1375.4098759668382,0.05753684043884277
mapa2,RRT* (AIW),True,AIW,18,True,492,1572.5542599570788,0.07926225662231445
mapa2,RRT* (AIW),True,AIW,19,True,311,1415.1369069926193,0.04185771942138672
mapa2,RRT* (AIW),True,AIW,20,True,403,1572.6649046184054,0.048491477966308594
mapa2,RRT* (AIW),True,AIW,21,True,328,1423.816250303445,0.04599165916442871
mapa2,RRT* (AIW),True,AIW,22,True,271,1435.1612612543058,0.0417780876159668
mapa2,RRT* (AIW),True,AIW,23,True,397,1559.805124035409,0.05297040939331055
mapa2,RRT* (AIW),True,AIW,24,True,350,1400.857971559779,0.04699397087097168
mapa2,RRT* (AIW),True,AIW,25,True,547,1632.5735075459795,0.09738326072692871
mapa2,RRT* (AIW),True,AIW,26,True,538,1606.4798506773195,0.07854604721069336
mapa2,RRT* (AIW),True,AIW,27,True,305,1473.4891499583907,0.04684710502624512
mapa2,RRT* (AIW),True,AIW,28,True,461,1506.2137709061747,0.0558469295501709
mapa2,RRT* (AIW),True,AIW,29,True,579,1613.2921025483515,0.09267783164978027
mapa2,RRT* (Hybrid),True,HYBRID,0,True,329,1453.0023736232329,0.044135093688964844
mapa2,RRT* (Hybrid),True,HYBRID,1,True,347,1462.5708202999417,0.04765820503234863
mapa2,RRT* (Hybrid),True,HYBRID,2,True,226,1390.3932082214003,0.032953500747680664
mapa2,RRT* (Hybrid),True,HYBRID,3,True,197,1405.2863317950705,0.015693187713623047
mapa2,RRT* (Hybrid),True,HYBRID,4,True,192,1367.4737857887533,0.030225276947021484
mapa2,RRT* (Hybrid),True,HYBRID,5,True,471,1605.2800076657265,0.06833982467651367
mapa2,RRT* (Hybrid),True,HYBRID,6,True,511,1568.8776780801206,0.09028768539428711
mapa2,RRT* (Hybrid),True,HYBRID,7,True,435,1453.8059487693124,0.07524943351745605
mapa2,RRT* (Hybrid),True,HYBRID,8,True,567,1389.1623935204655,0.0792391300201416
mapa2,RRT* (Hybrid),True,HYBRID,9,True,434,1473.5860077431635,0.06397271156311035
mapa2,RRT* (Hybrid),True,HYBRID,10,True,213,1375.5002926739005,0.03144359588623047
mapa2,RRT* (Hybrid),True,HYBRID,11,True,597,1573.2335639589753,0.10052347183227539
mapa2,RRT* (Hybrid),True,HYBRID,12,True,282,1420.2716591317405,0.04626202583312988
mapa2,RRT* (Hybrid),True,HYBRID,13,True,458,1542.617956335685,0.06562328338623047
mapa2,RRT* (Hybrid),True,HYBRID,14,True,206,1375.0733282031865,0.03259849548339844
mapa2,RRT* (Hybrid),True,HYBRID,15,True,481,1543.1619514402664,0.07966923713684082
mapa2,RRT* (Hybrid),True,HYBRID,16,True,310,1469.7992081636103,0.04915165901184082
mapa2,RRT* (Hybrid),True,HYBRID,17,True,332,1466.8786400126833,0.049178123474121094
mapa2,RRT* (Hybrid),True,HYBRID,18,True,789,1606.8777814430605,0.16214299201965332
mapa2,RRT* (Hybrid),True,HYBRID,19,True,242,1449.7830884033544,0.03152585029602051
mapa2,RRT* (Hybrid),True,HYBRID,20,True,368,1472.6567419547946,0.057152509689331055
mapa2,RRT* (Hybrid),True,HYBRID,21,True,361,1450.2049781243186,0.050809621810913086
mapa2,RRT* (Hybrid),True,HYBRID,22,True,546,1617.591066908091,0.08619165420532227
mapa2,RRT* (Hybrid),True,HYBRID,23,True,487,1585.1553758641232,0.07980108261108398
mapa2,RRT* (Hybrid),True,HYBRID,24,True,264,1484.3444538268207,0.03189992904663086
mapa2,RRT* (Hybrid),True,HYBRID,25,True,342,1470.7234849180986,0.0479731559753418
mapa2,RRT* (Hybrid),True,HYBRID,26,True,261,1490.1271249881015,0.03196978569030762
mapa2,RRT* (Hybrid),True,HYBRID,27,True,323,1566.5092266901524,0.052069664001464844
mapa2,RRT* (Hybrid),True,HYBRID,28,True,433,1540.7962663285327,0.0770108699798584
mapa2,RRT* (Hybrid),True,HYBRID,29,True,378,1393.8868540381584,0.05836963653564453
mapa1,RRT (Fixed),False,FIXED,0,True,1347,1551.5033994702028,0.021927595138549805
mapa1,RRT (Fixed),False,FIXED,1,False,1500,inf,0.029370784759521484
mapa1,RRT (Fixed),False,FIXED,2,True,783,1504.4918468638443,0.011602640151977539
mapa1,RRT (Fixed),False,FIXED,3,True,704,1533.449515054257,0.011163711547851562
mapa1,RRT (Fixed),False,FIXED,4,True,1022,1538.040776845859,0.01150965690612793
mapa1,RRT (Fixed),False,FIXED,5,True,1140,1541.7252464233898,0.02155780792236328
mapa1,RRT (Fixed),False,FIXED,6,True,593,1530.8495990130925,0.009521722793579102
mapa1,RRT (Fixed),False,FIXED,7,True,904,1542.8710904239113,0.014807462692260742
mapa1,RRT (Fixed),False,FIXED,8,True,841,1525.9352541675153,0.010356664657592773
mapa1,RRT (Fixed),False,FIXED,9,True,757,1536.5727858756982,0.007079601287841797
mapa1,RRT (Fixed),False,FIXED,10,False,1500,inf,0.01828789710998535
mapa1,RRT (Fixed),False,FIXED,11,True,1078,1484.0756605143313,0.023375511169433594
mapa1,RRT (Fixed),False,FIXED,12,True,1277,1502.356268031741,0.02138066291809082
mapa1,RRT (Fixed),False,FIXED,13,False,1500,inf,0.01574540138244629
mapa1,RRT (Fixed),False,FIXED,14,True,1336,1517.3510225897546,0.03207755088806152
mapa1,RRT (Fixed),False,FIXED,15,True,1073,1501.5369055483825,0.016022920608520508
mapa1,RRT (Fixed),False,FIXED,16,True,1416,1543.7459575768933,0.031497955322265625
mapa1,RRT (Fixed),False,FIXED,17,True,514,1466.6484694589237,0.0
mapa1,RRT (Fixed),False,FIXED,18,False,1500,inf,0.029753684997558594
mapa1,RRT (Fixed),False,FIXED,19,False,1500,inf,0.023556232452392578
mapa1,RRT (Fixed),False,FIXED,20,True,950,1614.2451781138327,0.013758659362792969
mapa1,RRT (Fixed),False,FIXED,21,True,1125,1574.889423472004,0.0198214054107666
mapa1,RRT (Fixed),False,FIXED,22,True,700,1557.8863417945906,0.013498783111572266
mapa1,RRT (Fixed),False,FIXED,23,True,520,1556.8093323890514,0.008008956909179688
mapa1,RRT (Fixed),False,FIXED,24,True,1376,1593.410162524614,0.01601696014404297
mapa1,RRT (Fixed),False,FIXED,25,False,1500,inf,0.023595333099365234
mapa1,RRT (Fixed),False,FIXED,26,True,1045,1656.4822247527013,0.013757705688476562
mapa1,RRT (Fixed),False,FIXED,27,False,1500,inf,0.01175379753112793
mapa1,RRT (Fixed),False,FIXED,28,False,1500,inf,0.03368830680847168
mapa1,RRT (Fixed),False,FIXED,29,True,1015,1498.3185289611297,0.013994693756103516
mapa1,RRT (AIW),False,AIW,0,True,191,1555.593826377291,0.0
mapa1,RRT (AIW),False,AIW,1,True,261,1650.2531638815638,0.02310800552368164
mapa1,RRT (AIW),False,AIW,2,True,222,1630.2406134631403,0.0061914920806884766
mapa1,RRT (AIW),False,AIW,3,True,193,1679.275270931283,0.006438255310058594
mapa1,RRT (AIW),False,AIW,4,True,242,1684.821701046248,0.005391120910644531
mapa1,RRT (AIW),False,AIW,5,True,230,1608.8197082504587,0.01163482666015625
mapa1,RRT (AIW),False,AIW,6,True,450,1740.6018688827971,0.012189149856567383
mapa1,RRT (AIW),False,AIW,7,True,643,1678.521149300937,0.012921571731567383
mapa1,RRT (AIW),False,AIW,8,True,424,1847.164156940712,0.028380155563354492
mapa1,RRT (AIW),False,AIW,9,True,243,1590.437266863382,0.003535032272338867
mapa1,RRT (AIW),False,AIW,10,True,402,1599.9327672330626,0.01710677146911621
mapa1,RRT (AIW),False,AIW,11,True,479,1686.361707529827,0.016025304794311523
mapa1,RRT (AIW),False,AIW,12,True,604,1776.9864931611285,0.02385258674621582
mapa1,RRT (AIW),False,AIW,13,True,224,1530.793929890271,0.0077550411224365234
mapa1,RRT (AIW),False,AIW,14,True,473,1754.8351648104576,0.01776885986328125
mapa1,RRT (AIW),False,AIW,15,True,580,1819.1592524519422,0.021852731704711914
mapa1,RRT (AIW),False,AIW,16,True,200,1557.542994698302,0.0057489871978759766
mapa1,RRT (AIW),False,AIW,17,True,169,1622.0370717985497,0.0060100555419921875
mapa1,RRT (AIW),False,AIW,18,True,263,1663.4364233864526,0.008011341094970703
mapa1,RRT (AIW),False,AIW,19,True,236,1636.2376405873924,0.007752895355224609
mapa1,RRT (AIW),False,AIW,20,True,373,1592.2686880141187,0.00975489616394043
mapa1,RRT (AIW),False,AIW,21,True,339,1610.1323024478659,0.012104988098144531
mapa1,RRT (AIW),False,AIW,22,True,484,1692.5354587892878,0.015764713287353516
mapa1,RRT (AIW),False,AIW,23,True,288,1612.2168756272595,0.0077588558197021484
mapa1,RRT (AIW),False,AIW,24,True,322,1600.8246492191763,0.011757850646972656
mapa1,RRT (AIW),False,AIW,25,True,337,1637.1694987759872,0.010182619094848633
mapa1,RRT (AIW),False,AIW,26,True,307,1699.543229536484,0.003000020980834961
mapa1,RRT (AIW),False,AIW,27,True,254,1599.972952091095,0.0
mapa1,RRT (AIW),False,AIW,28,True,356,1629.6708891998717,0.023487329483032227
mapa1,RRT (AIW),False,AIW,29,True,211,1666.3844851382148,0.0028295516967773438
mapa1,RRT (Hybrid),False,HYBRID,0,True,282,1585.2317438650282,0.005803585052490234
mapa1,RRT (Hybrid),False,HYBRID,1,True,297,1680.938274446921,0.01830744743347168
mapa1,RRT (Hybrid),False,HYBRID,2,True,443,1826.2938822311658,0.013954877853393555
mapa1,RRT (Hybrid),False,HYBRID,3,True,798,1687.2987262546824,0.028565168380737305
mapa1,RRT (Hybrid),False,HYBRID,4,True,291,1554.9585038652592,0.013362884521484375
mapa1,RRT (Hybrid),False,HYBRID,5,True,199,1705.8280369156776,0.0040323734283447266
mapa1,RRT (Hybrid),False,HYBRID,6,True,288,1639.4921707258272,0.01451420783996582
mapa1,RRT (Hybrid),False,HYBRID,7,True,400,1639.9883377676356,0.0
mapa1,RRT (Hybrid),False,HYBRID,8,True,343,1714.02482086019,0.01573967933654785
mapa1,RRT (Hybrid),False,HYBRID,9,True,198,1630.7536591588307,0.010118961334228516
mapa1,RRT (Hybrid),False,HYBRID,10,True,213,1600.0977987578112,0.005530357360839844
mapa1,RRT (Hybrid),False,HYBRID,11,True,238,1716.2411926566467,0.0
mapa1,RRT (Hybrid),False,HYBRID,12,True,426,1786.5069338624958,0.017150163650512695
mapa1,RRT (Hybrid),False,HYBRID,13,True,344,1703.6400070148936,0.014510869979858398
mapa1,RRT (Hybrid),False,HYBRID,14,True,316,1619.7038007711678,0.015732765197753906
mapa1,RRT (Hybrid),False,HYBRID,15,True,780,1775.1884719866105,0.03676033020019531
mapa1,RRT (Hybrid),False,HYBRID,16,True,235,1661.701176674488,0.003000974655151367
mapa1,RRT (Hybrid),False,HYBRID,17,True,347,1670.9481015360839,0.016103744506835938
mapa1,RRT (Hybrid),False,HYBRID,18,True,337,1603.5403131054977,0.011522293090820312
mapa1,RRT (Hybrid),False,HYBRID,19,True,282,1667.662865862078,0.007146596908569336
mapa1,RRT (Hybrid),False,HYBRID,20,True,769,1717.0501798987864,0.031691551208496094
mapa1,RRT (Hybrid),False,HYBRID,21,True,284,1615.2847413941845,0.0
mapa1,RRT (Hybrid),False,HYBRID,22,True,182,1580.879101469632,0.01571798324584961
mapa1,RRT (Hybrid),False,HYBRID,23,True,404,1644.6341685444504,0.01784038543701172
mapa1,RRT (Hybrid),False,HYBRID,24,True,318,1557.9101096507056,0.008242130279541016
mapa1,RRT (Hybrid),False,HYBRID,25,True,245,1652.8501107145678,0.0055141448974609375
mapa1,RRT (Hybrid),False,HYBRID,26,True,565,1700.500346224182,0.015741348266601562
mapa1,RRT (Hybrid),False,HYBRID,27,True,568,1688.8189398405145,0.03155994415283203
mapa1,RRT (Hybrid),False,HYBRID,28,True,153,1602.808381692331,0.004007101058959961
mapa1,RRT (Hybrid),False,HYBRID,29,True,180,1645.7405945933633,0.0040056705474853516
mapa1,RRT* (Fixed),True,FIXED,0,True,1037,1443.090706032009,0.07111072540283203
mapa1,RRT* (Fixed),True,FIXED,1,True,1100,1386.1070091978065,0.06394481658935547
mapa1,RRT* (Fixed),True,FIXED,2,False,1500,inf,0.10255169868469238
mapa1,RRT* (Fixed),True,FIXED,3,True,1298,1398.3833090422793,0.09000539779663086
mapa1,RRT* (Fixed),True,FIXED,4,True,1179,1385.99757708898,0.10008811950683594
mapa1,RRT* (Fixed),True,FIXED,5,False,1500,inf,0.09564375877380371
mapa1,RRT* (Fixed),True,FIXED,6,False,1500,inf,0.12917590141296387
mapa1,RRT* (Fixed),True,FIXED,7,True,1481,1402.2158599756788,0.08932137489318848
mapa1,RRT* (Fixed),True,FIXED,8,True,731,1374.7229523105466,0.0852041244506836
mapa1,RRT* (Fixed),True,FIXED,9,False,1500,inf,0.1516268253326416
mapa1,RRT* (Fixed),True,FIXED,10,True,1051,1410.5865059252967,0.07988905906677246
mapa1,RRT* (Fixed),True,FIXED,11,False,1500,inf,0.10971665382385254
mapa1,RRT* (Fixed),True,FIXED,12,True,702,1432.473673460583,0.031818389892578125
mapa1,RRT* (Fixed),True,FIXED,13,True,715,1403.3801241679234,0.06307601928710938
mapa1,RRT* (Fixed),True,FIXED,14,False,1500,inf,0.13733506202697754
mapa1,RRT* (Fixed),True,FIXED,15,True,1184,1408.5828471108682,0.06602263450622559
mapa1,RRT* (Fixed),True,FIXED,16,False,1500,inf,0.09571099281311035
mapa1,RRT* (Fixed),True,FIXED,17,True,934,1444.1573569195714,0.0917510986328125
mapa1,RRT* (Fixed),True,FIXED,18,True,965,1399.6768664387428,0.09150147438049316
mapa1,RRT* (Fixed),True,FIXED,19,True,1231,1398.632144143137,0.1370863914489746
mapa1,RRT* (Fixed),True,FIXED,20,True,1054,1386.7929955618863,0.09446120262145996
mapa1,RRT* (Fixed),True,FIXED,21,False,1500,inf,0.13062810897827148
mapa1,RRT* (Fixed),True,FIXED,22,True,1048,1401.3298433608381,0.06257295608520508
mapa1,RRT* (Fixed),True,FIXED,23,True,1029,1435.626846033383,0.07984018325805664
mapa1,RRT* (Fixed),True,FIXED,24,True,654,1384.3942621707336,0.07259988784790039
mapa1,RRT* (Fixed),True,FIXED,25,False,1500,inf,0.06854820251464844
mapa1,RRT* (Fixed),True,FIXED,26,True,1065,1436.773897332208,0.05527853965759277
mapa1,RRT* (Fixed),True,FIXED,27,True,1490,1412.582528316179,0.08514070510864258
mapa1,RRT* (Fixed),True,FIXED,28,True,1264,1390.476172468517,0.09383082389831543
mapa1,RRT* (Fixed),True,FIXED,29,True,974,1401.3677974176235,0.08020210266113281
mapa1,RRT* (AIW),True,AIW,0,True,311,1393.1766521327309,0.04506111145019531
mapa1,RRT* (AIW),True,AIW,1,True,441,1362.4982290659798,0.048392295837402344
mapa1,RRT* (AIW),True,AIW,2,True,254,1388.2855499748082,0.03829693794250488
mapa1,RRT* (AIW),True,AIW,3,True,427,1461.4166400682516,0.060593366622924805
mapa1,RRT* (AIW),True,AIW,4,True,466,1381.0642407224198,0.08012080192565918
mapa1,RRT* (AIW),True,AIW,5,True,172,1424.5913768966432,0.014656543731689453
mapa1,RRT* (AIW),True,AIW,6,True,300,1408.963621122289,0.053046226501464844
mapa1,RRT* (AIW),True,AIW,7,True,241,1418.1489595549917,0.028696298599243164
mapa1,RRT* (AIW),True,AIW,8,True,438,1391.709928730351,0.06370091438293457
mapa1,RRT* (AIW),True,AIW,9,True,471,1443.5556602266252,0.0640711784362793
mapa1,RRT* (AIW),True,AIW,10,True,269,1431.0000226469656,0.04895591735839844
mapa1,RRT* (AIW),True,AIW,11,True,492,1460.2467230649183,0.07842874526977539
mapa1,RRT* (AIW),True,AIW,12,True,286,1376.160572657196,0.02138543128967285
mapa1,RRT* (AIW),True,AIW,13,True,378,1379.7000446676143,0.06343245506286621
mapa1,RRT* (AIW),True,AIW,14,True,340,1395.1429116470974,0.04781746864318848
mapa1,RRT* (AIW),True,AIW,15,True,394,1394.6702947953938,0.057741641998291016
mapa1,RRT* (AIW),True,AIW,16,True,190,1388.772576353811,0.02570629119873047
mapa1,RRT* (AIW),True,AIW,17,True,356,1402.7296994709059,0.048894643783569336
mapa1,RRT* (AIW),True,AIW,18,True,315,1407.0142570374728,0.04566025733947754
mapa1,RRT* (AIW),True,AIW,19,True,330,1400.241811606783,0.03289461135864258
mapa1,RRT* (AIW),True,AIW,20,True,324,1383.0167956997718,0.046749114990234375
mapa1,RRT* (AIW),True,AIW,21,True,269,1387.9899114367759,0.04825592041015625
mapa1,RRT* (AIW),True,AIW,22,True,356,1368.4465442691271,0.050629615783691406
mapa1,RRT* (AIW),True,AIW,23,True,301,1392.6843966095964,0.03202080726623535
mapa1,RRT* (AIW),True,AIW,24,True,294,1439.4507460972286,0.04200339317321777
mapa1,RRT* (AIW),True,AIW,25,True,310,1442.4902503286949,0.037775278091430664
mapa1,RRT* (AIW),True,AIW,26,True,214,1380.4396558195945,0.031540632247924805
mapa1,RRT* (AIW),True,AIW,27,True,359,1394.292427114132,0.04762911796569824
mapa1,RRT* (AIW),True,AIW,28,True,302,1371.3939505188237,0.031556129455566406
mapa1,RRT* (AIW),True,AIW,29,True,382,1375.9300982077314,0.05164074897766113
mapa1,RRT* (Hybrid),True,HYBRID,0,True,263,1395.672210056181,0.03884720802307129
mapa1,RRT* (Hybrid),True,HYBRID,1,True,205,1409.1737779167913,0.025170087814331055
mapa1,RRT* (Hybrid),True,HYBRID,2,True,201,1411.9666779272154,0.03284597396850586
mapa1,RRT* (Hybrid),True,HYBRID,3,True,302,1396.600155456274,0.030283689498901367
mapa1,RRT* (Hybrid),True,HYBRID,4,True,195,1394.9048787020943,0.03166985511779785
mapa1,RRT* (Hybrid),True,HYBRID,5,True,231,1405.9635229511919,0.031446218490600586
mapa1,RRT* (Hybrid),True,HYBRID,6,True,329,1427.8260325731742,0.04649543762207031
mapa1,RRT* (Hybrid),True,HYBRID,7,True,415,1396.1718976164857,0.06980323791503906
mapa1,RRT* (Hybrid),True,HYBRID,8,True,247,1403.857690483429,0.03187727928161621
mapa1,RRT* (Hybrid),True,HYBRID,9,True,365,1392.9028079433733,0.047921180725097656
mapa1,RRT* (Hybrid),True,HYBRID,10,True,272,1376.3873463837583,0.03167271614074707
mapa1,RRT* (Hybrid),True,HYBRID,11,True,576,1389.7841715538646,0.08187580108642578
mapa1,RRT* (Hybrid),True,HYBRID,12,True,320,1421.9154327591468,0.03484749794006348
mapa1,RRT* (Hybrid),True,HYBRID,13,True,338,1411.6883422498458,0.04752683639526367
mapa1,RRT* (Hybrid),True,HYBRID,14,True,306,1457.667381943307,0.0475163459777832
mapa1,RRT* (Hybrid),True,HYBRID,15,True,292,1406.0628808458102,0.04794764518737793
mapa1,RRT* (Hybrid),True,HYBRID,16,True,210,1403.39170213391,0.03180813789367676
mapa1,RRT* (Hybrid),True,HYBRID,17,True,777,1374.4256896289328,0.14130377769470215
mapa1,RRT* (Hybrid),True,HYBRID,18,True,338,1396.9880936092054,0.047560930252075195
mapa1,RRT* (Hybrid),True,HYBRID,19,True,161,1431.0200770004176,0.022548198699951172
mapa1,RRT* (Hybrid),True,HYBRID,20,True,264,1392.7664571682237,0.03019094467163086
mapa1,RRT* (Hybrid),True,HYBRID,21,True,376,1388.2267531828231,0.06337857246398926
mapa1,RRT* (Hybrid),True,HYBRID,22,True,264,1381.7531401820304,0.036374568939208984
mapa1,RRT* (Hybrid),True,HYBRID,23,True,227,1486.9590158963322,0.027748823165893555
mapa1,RRT* (Hybrid),True,HYBRID,24,True,280,1430.6907959654527,0.03185462951660156
mapa1,RRT* (Hybrid),True,HYBRID,25,True,343,1493.505145833591,0.04767036437988281
mapa1,RRT* (Hybrid),True,HYBRID,26,True,235,1417.7635431302833,0.031824588775634766
mapa1,RRT* (Hybrid),True,HYBRID,27,True,233,1392.2306026127198,0.03354191780090332
mapa1,RRT* (Hybrid),True,HYBRID,28,True,389,1389.002178608064,0.057218313217163086
mapa1,RRT* (Hybrid),True,HYBRID,29,True,235,1439.9130792298388,0.02711653709411621
mapa3,RRT (Fixed),False,FIXED,0,True,1215,1485.302191214402,0.03293108940124512
mapa3,RRT (Fixed),False,FIXED,1,True,1234,1539.6772059307648,0.024072647094726562
mapa3,RRT (Fixed),False,FIXED,2,False,1500,inf,0.01974940299987793
mapa3,RRT (Fixed),False,FIXED,3,False,1500,inf,0.03156137466430664
mapa3,RRT (Fixed),False,FIXED,4,True,1305,1530.968462513621,0.01586771011352539
mapa3,RRT (Fixed),False,FIXED,5,False,1500,inf,0.03177070617675781
mapa3,RRT (Fixed),False,FIXED,6,False,1500,inf,0.015753746032714844
mapa3,RRT (Fixed),False,FIXED,7,True,1204,1516.2319926076254,0.025938749313354492
mapa3,RRT (Fixed),False,FIXED,8,True,667,1447.9085502120818,0.011561155319213867
mapa3,RRT (Fixed),False,FIXED,9,True,855,1462.6047544088624,0.015820026397705078
mapa3,RRT (Fixed),False,FIXED,10,True,746,1481.530828449657,0.010244607925415039
mapa3,RRT (Fixed),False,FIXED,11,True,808,1541.051370874428,0.005536794662475586
mapa3,RRT (Fixed),False,FIXED,12,True,955,1489.9239792927856,0.015808582305908203
mapa3,RRT (Fixed),False,FIXED,13,True,575,1488.5364194698136,0.018604278564453125
mapa3,RRT (Fixed),False,FIXED,14,True,918,1472.7495916324256,0.014729976654052734
mapa3,RRT (Fixed),False,FIXED,15,True,1158,1486.4992467968002,0.017114639282226562
mapa3,RRT (Fixed),False,FIXED,16,True,613,1492.0220302519308,0.0
mapa3,RRT (Fixed),False,FIXED,17,True,987,1499.5921271576017,0.015825271606445312
mapa3,RRT (Fixed),False,FIXED,18,True,582,1541.2675503849853,0.015927553176879883
mapa3,RRT (Fixed),False,FIXED,19,True,452,1588.7763913804185,0.010500192642211914
mapa3,RRT (Fixed),False,FIXED,20,True,820,1589.244175379261,0.005559206008911133
mapa3,RRT (Fixed),False,FIXED,21,False,1500,inf,0.016065359115600586
mapa3,RRT (Fixed),False,FIXED,22,True,529,1478.6134506184228,0.01591324806213379
mapa3,RRT (Fixed),False,FIXED,23,True,1131,1553.7558858493594,0.0258638858795166
mapa3,RRT (Fixed),False,FIXED,24,True,1324,1632.692728818435,0.011447906494140625
mapa3,RRT (Fixed),False,FIXED,25,True,785,1484.847847706289,0.014803886413574219
mapa3,RRT (Fixed),False,FIXED,26,True,923,1448.8748453219591,0.01704692840576172
mapa3,RRT (Fixed),False,FIXED,27,True,1357,1569.9672562945216,0.022411584854125977
mapa3,RRT (Fixed),False,FIXED,28,True,945,1484.2267544026001,0.01829051971435547
mapa3,RRT (Fixed),False,FIXED,29,True,949,1466.6747837655532,0.006021976470947266
mapa3,RRT (AIW),False,AIW,0,True,296,1656.7603092997012,0.018708467483520508
mapa3,RRT (AIW),False,AIW,1,True,153,1606.0170377439154,0.0049784183502197266
mapa3,RRT (AIW),False,AIW,2,True,357,1666.2520984201512,0.012560606002807617
mapa3,RRT (AIW),False,AIW,3,True,186,1646.3898965923283,0.006085395812988281
mapa3,RRT (AIW),False,AIW,4,True,139,1551.3138448658297,0.0030095577239990234
mapa3,RRT (AIW),False,AIW,5,True,257,1595.0796011828813,0.0072154998779296875
mapa3,RRT (AIW),False,AIW,6,True,211,1612.0157586510493,0.008550405502319336
mapa3,RRT (AIW),False,AIW,7,True,235,1578.9901775477854,0.0
mapa3,RRT (AIW),False,AIW,8,True,178,1638.1609301458545,0.0
mapa3,RRT (AIW),False,AIW,9,True,268,1685.317908235682,0.017557621002197266
mapa3,RRT (AIW),False,AIW,10,True,254,1724.3728407694578,0.009028434753417969
mapa3,RRT (AIW),False,AIW,11,True,317,1591.1018899374017,0.006993770599365234
mapa3,RRT (AIW),False,AIW,12,True,312,1624.5621858670656,0.014632463455200195
mapa3,RRT (AIW),False,AIW,13,True,214,1584.2594567344886,0.0
mapa3,RRT (AIW),False,AIW,14,True,195,1615.7230935850646,0.0
mapa3,RRT (AIW),False,AIW,15,True,245,1639.4497135458773,0.023255586624145508
mapa3,RRT (AIW),False,AIW,16,True,407,1589.9413430875477,0.014458179473876953
mapa3,RRT (AIW),False,AIW,17,True,166,1542.6784349909387,0.006162166595458984
mapa3,RRT (AIW),False,AIW,18,True,214,1589.949601754976,0.003724813461303711
mapa3,RRT (AIW),False,AIW,19,True,264,1644.7220187744617,0.0
mapa3,RRT (AIW),False,AIW,20,True,161,1644.99039473772,0.015264749526977539
mapa3,RRT (AIW),False,AIW,21,True,211,1642.7870061313542,0.0
mapa3,RRT (AIW),False,AIW,22,True,219,1572.861041707591,0.010222911834716797
mapa3,RRT (AIW),False,AIW,23,True,172,1595.9376774725752,0.005568027496337891
mapa3,RRT (AIW),False,AIW,24,True,186,1503.5460358875637,0.0
mapa3,RRT (AIW),False,AIW,25,True,197,1642.6843003192967,0.01578664779663086
mapa3,RRT (AIW),False,AIW,26,True,142,1558.9029747793736,0.0
mapa3,RRT (AIW),False,AIW,27,True,141,1568.3163146400016,0.0
mapa3,RRT (AIW),False,AIW,28,True,158,1556.5291068965862,0.014597654342651367
mapa3,RRT (AIW),False,AIW,29,True,273,1631.0946249148938,0.002716541290283203
mapa3,RRT (Hybrid),False,HYBRID,0,True,232,1549.1951774084614,0.01587533950805664
mapa3,RRT (Hybrid),False,HYBRID,1,True,163,1573.5502646304492,0.0054168701171875
mapa3,RRT (Hybrid),False,HYBRID,2,True,255,1588.4087113407386,0.008448600769042969
mapa3,RRT (Hybrid),False,HYBRID,3,True,679,1582.044797818412,0.02582573890686035
mapa3,RRT (Hybrid),False,HYBRID,4,True,592,1679.0087225135303,0.023972034454345703
mapa3,RRT (Hybrid),False,HYBRID,5,True,248,1634.2924282971455,0.008253335952758789
mapa3,RRT (Hybrid),False,HYBRID,6,True,264,1624.8713155409062,0.0
mapa3,RRT (Hybrid),False,HYBRID,7,True,167,1601.355242396067,0.0
mapa3,RRT (Hybrid),False,HYBRID,8,True,173,1674.2818836418094,0.015503406524658203
mapa3,RRT (Hybrid),False,HYBRID,9,True,177,1670.8022778584645,0.0
mapa3,RRT (Hybrid),False,HYBRID,10,True,264,1672.474973670524,0.016057491302490234
mapa3,RRT (Hybrid),False,HYBRID,11,True,285,1654.7063690962927,0.0
mapa3,RRT (Hybrid),False,HYBRID,12,True,270,1589.6811830910278,0.0157623291015625
mapa3,RRT (Hybrid),False,HYBRID,13,True,336,1560.5182916660294,0.01578521728515625
mapa3,RRT (Hybrid),False,HYBRID,14,True,191,1562.7568173077893,0.0
mapa3,RRT (Hybrid),False,HYBRID,15,True,203,1557.575498128169,0.010102987289428711
mapa3,RRT (Hybrid),False,HYBRID,16,True,284,1774.6924179068048,0.006012439727783203
mapa3,RRT (Hybrid),False,HYBRID,17,True,201,1570.1226885547885,0.0
mapa3,RRT (Hybrid),False,HYBRID,18,True,286,1618.4481699998883,0.022662639617919922
mapa3,RRT (Hybrid),False,HYBRID,19,True,230,1619.1916998656573,0.008570194244384766
mapa3,RRT (Hybrid),False,HYBRID,20,True,258,1601.1793836985762,0.008067131042480469
mapa3,RRT (Hybrid),False,HYBRID,21,True,241,1549.9163091239257,0.0
mapa3,RRT (Hybrid),False,HYBRID,22,True,251,1722.6952930984596,0.016116857528686523
mapa3,RRT (Hybrid),False,HYBRID,23,True,221,1517.1319594939496,0.004530191421508789
mapa3,RRT (Hybrid),False,HYBRID,24,True,208,1564.4854017411383,0.0
mapa3,RRT (Hybrid),False,HYBRID,25,True,313,1683.1191480701818,0.016618013381958008
mapa3,RRT (Hybrid),False,HYBRID,26,True,178,1578.620992009185,0.0
mapa3,RRT (Hybrid),False,HYBRID,27,True,528,1667.9481976613206,0.02658557891845703
mapa3,RRT (Hybrid),False,HYBRID,28,True,262,1589.4207842804974,0.0
mapa3,RRT (Hybrid),False,HYBRID,29,True,314,1510.99945781039,0.016331911087036133
mapa3,RRT* (Fixed),True,FIXED,0,True,1239,1409.7644154006193,0.12555742263793945
mapa3,RRT* (Fixed),True,FIXED,1,True,1025,1409.1569017255567,0.10130167007446289
mapa3,RRT* (Fixed),True,FIXED,2,True,797,1433.4358000529792,0.05394697189331055
mapa3,RRT* (Fixed),True,FIXED,3,True,822,1409.5457047064083,0.06511807441711426
mapa3,RRT* (Fixed),True,FIXED,4,True,1085,1436.318188430898,0.09928703308105469
mapa3,RRT* (Fixed),True,FIXED,5,True,870,1402.8991729269428,0.0933084487915039
mapa3,RRT* (Fixed),True,FIXED,6,True,805,1401.8041570652797,0.08902621269226074
mapa3,RRT* (Fixed),True,FIXED,7,False,1500,inf,0.1391301155090332
mapa3,RRT* (Fixed),True,FIXED,8,False,1500,inf,0.16459107398986816
mapa3,RRT* (Fixed),True,FIXED,9,True,1145,1472.4273204439262,0.10773181915283203
mapa3,RRT* (Fixed),True,FIXED,10,True,1303,1412.9204045914614,0.11213541030883789
mapa3,RRT* (Fixed),True,FIXED,11,False,1500,inf,0.11542606353759766
mapa3,RRT* (Fixed),True,FIXED,12,True,792,1407.5223054033067,0.09274053573608398
mapa3,RRT* (Fixed),True,FIXED,13,True,703,1417.6489594038242,0.06834721565246582
mapa3,RRT* (Fixed),True,FIXED,14,True,858,1398.6389290805473,0.09486865997314453
mapa3,RRT* (Fixed),True,FIXED,15,True,1346,1423.436190944226,0.15192222595214844
mapa3,RRT* (Fixed),True,FIXED,16,True,912,1409.9338848199604,0.06972193717956543
mapa3,RRT* (Fixed),True,FIXED,17,True,1429,1407.2183958334385,0.12528610229492188
mapa3,RRT* (Fixed),True,FIXED,18,True,1425,1410.6177468290837,0.15834879875183105
mapa3,RRT* (Fixed),True,FIXED,19,True,1271,1398.7516513453777,0.10029983520507812
mapa3,RRT* (Fixed),True,FIXED,20,True,1057,1404.2105190687867,0.10632586479187012
mapa3,RRT* (Fixed),True,FIXED,21,True,879,1405.6847089496848,0.06382226943969727
mapa3,RRT* (Fixed),True,FIXED,22,True,1130,1407.5243027562494,0.1316843032836914
mapa3,RRT* (Fixed),True,FIXED,23,False,1500,inf,0.15685415267944336
mapa3,RRT* (Fixed),True,FIXED,24,True,570,1415.1697307480097,0.05501675605773926
mapa3,RRT* (Fixed),True,FIXED,25,False,1500,inf,0.1422724723815918
mapa3,RRT* (Fixed),True,FIXED,26,True,1264,1407.7654253191965,0.07893013954162598
mapa3,RRT* (Fixed),True,FIXED,27,True,937,1410.346393490609,0.07935285568237305
mapa3,RRT* (Fixed),True,FIXED,28,True,659,1456.6987165580294,0.05043530464172363
mapa3,RRT* (Fixed),True,FIXED,29,True,1494,1423.3327775309533,0.09588932991027832
mapa3,RRT* (AIW),True,AIW,0,True,220,1424.2453409833226,0.043836116790771484
mapa3,RRT* (AIW),True,AIW,1,True,392,1406.3109137174517,0.051378488540649414
mapa3,RRT* (AIW),True,AIW,2,True,184,1387.3367566702545,0.020256757736206055
mapa3,RRT* (AIW),True,AIW,3,True,228,1418.2273533346615,0.030326366424560547
mapa3,RRT* (AIW),True,AIW,4,True,271,1395.6335956805674,0.042403221130371094
mapa3,RRT* (AIW),True,AIW,5,True,224,1505.6280760421457,0.03678107261657715
mapa3,RRT* (AIW),True,AIW,6,True,285,1409.2504709169286,0.04565572738647461
mapa3,RRT* (AIW),True,AIW,7,True,201,1454.8772393520987,0.03159761428833008
mapa3,RRT* (AIW),True,AIW,8,True,261,1414.019540816085,0.039798736572265625
mapa3,RRT* (AIW),True,AIW,9,True,251,1412.4890713618954,0.03475022315979004
mapa3,RRT* (AIW),True,AIW,10,True,201,1426.9715211718244,0.031203269958496094
mapa3,RRT* (AIW),True,AIW,11,True,210,1387.0065169842746,0.0171353816986084
mapa3,RRT* (AIW),True,AIW,12,True,167,1415.7109206122918,0.031389713287353516
mapa3,RRT* (AIW),True,AIW,13,True,184,1403.594288911373,0.031767845153808594
mapa3,RRT* (AIW),True,AIW,14,True,221,1432.5259192722563,0.031977176666259766
mapa3,RRT* (AIW),True,AIW,15,True,226,1413.6787509276846,0.03188753128051758
mapa3,RRT* (AIW),True,AIW,16,True,180,1421.2226211093277,0.015839815139770508
mapa3,RRT* (AIW),True,AIW,17,True,206,1438.6418975640493,0.03135204315185547
mapa3,RRT* (AIW),True,AIW,18,True,238,1422.0210272442505,0.04746675491333008
mapa3,RRT* (AIW),True,AIW,19,True,233,1416.3204391584354,0.03362250328063965
mapa3,RRT* (AIW),True,AIW,20,True,245,1430.6413175555106,0.037538766860961914
mapa3,RRT* (AIW),True,AIW,21,True,156,1401.2028289786617,0.021860837936401367
mapa3,RRT* (AIW),True,AIW,22,True,198,1408.64967596464,0.03153038024902344
mapa3,RRT* (AIW),True,AIW,23,True,162,1417.0815550034433,0.02187180519104004
mapa3,RRT* (AIW),True,AIW,24,True,249,1403.5493156374175,0.043189048767089844
mapa3,RRT* (AIW),True,AIW,25,True,253,1403.5014634788638,0.03982114791870117
mapa3,RRT* (AIW),True,AIW,26,True,234,1425.5678701483046,0.031255483627319336
mapa3,RRT* (AIW),True,AIW,27,True,219,1423.9999127468939,0.03427386283874512
mapa3,RRT* (AIW),True,AIW,28,True,227,1411.892219610871,0.034288644790649414
mapa3,RRT* (AIW),True,AIW,29,True,316,1457.5579198377472,0.04719090461730957
mapa3,RRT* (Hybrid),True,HYBRID,0,True,233,1418.0401192595482,0.03535890579223633
mapa3,RRT* (Hybrid),True,HYBRID,1,True,259,1436.821210980793,0.035672664642333984
mapa3,RRT* (Hybrid),True,HYBRID,2,True,180,1392.4331669628386,0.021944761276245117
mapa3,RRT* (Hybrid),True,HYBRID,3,True,204,1424.0637451440523,0.030228376388549805
mapa3,RRT* (Hybrid),True,HYBRID,4,True,256,1439.809924302824,0.031931400299072266
mapa3,RRT* (Hybrid),True,HYBRID,5,True,188,1411.5683688043969,0.03183698654174805
mapa3,RRT* (Hybrid),True,HYBRID,6,True,185,1420.5110445912685,0.025844097137451172
mapa3,RRT* (Hybrid),True,HYBRID,7,True,200,1434.816431689854,0.022669315338134766
mapa3,RRT* (Hybrid),True,HYBRID,8,True,171,1409.4043086929682,0.014509201049804688
mapa3,RRT* (Hybrid),True,HYBRID,9,True,314,1381.7675040671058,0.056772708892822266
mapa3,RRT* (Hybrid),True,HYBRID,10,True,204,1411.4313629535523,0.030807971954345703
mapa3,RRT* (Hybrid),True,HYBRID,11,True,270,1481.1713465498858,0.033017635345458984
mapa3,RRT* (Hybrid),True,HYBRID,12,True,185,1418.4830854560605,0.030442476272583008
mapa3,RRT* (Hybrid),True,HYBRID,13,True,203,1411.1888399005245,0.026079654693603516
mapa3,RRT* (Hybrid),True,HYBRID,14,True,261,1427.0309423795366,0.0365297794342041
mapa3,RRT* (Hybrid),True,HYBRID,15,True,269,1414.9620038723992,0.03391599655151367
mapa3,RRT* (Hybrid),True,HYBRID,16,True,200,1434.2451827777315,0.032074689865112305
mapa3,RRT* (Hybrid),True,HYBRID,17,True,236,1422.4046143371372,0.033370018005371094
mapa3,RRT* (Hybrid),True,HYBRID,18,True,175,1413.5419268600695,0.01454472541809082
mapa3,RRT* (Hybrid),True,HYBRID,19,True,338,1421.0145148652082,0.06319880485534668
mapa3,RRT* (Hybrid),True,HYBRID,20,True,194,1409.511660441083,0.02584695816040039
mapa3,RRT* (Hybrid),True,HYBRID,21,True,167,1398.0120417550127,0.021187782287597656
mapa3,RRT* (Hybrid),True,HYBRID,22,True,172,1410.6459892423259,0.03134870529174805
mapa3,RRT* (Hybrid),True,HYBRID,23,True,255,1410.7539650359008,0.03139758110046387
mapa3,RRT* (Hybrid),True,HYBRID,24,True,303,1431.1844537042298,0.04959368705749512
mapa3,RRT* (Hybrid),True,HYBRID,25,True,188,1417.4932930753762,0.025656938552856445
mapa3,RRT* (Hybrid),True,HYBRID,26,True,217,1424.0952990382273,0.028982162475585938
mapa3,RRT* (Hybrid),True,HYBRID,27,True,219,1423.6978646781165,0.02985239028930664
mapa3,RRT* (Hybrid),True,HYBRID,28,True,190,1421.4440897148634,0.015857219696044922
mapa3,RRT* (Hybrid),True,HYBRID,29,True,230,1425.0104269353974,0.031351327896118164
